Country,DTP3 coveragepercent,DTP3 coveragepercent,DTP3 coveragepercent,DTP3 coveragepercent,GDP per capita (int.-$)2011 international-$,GDP per capita (int.-$)2011 international-$,GDP per capita (int.-$)2011 international-$,GDP per capita (int.-$)2011 international-$,Total population (Gapminder),Total population (Gapminder),Total population (Gapminder),Total population (Gapminder)
Country,1980,2017,Absolute Change,Relative Change,1980,2017,Absolute Change,Relative Change,1980,2017,Absolute Change,Relative Change
Afghanistan,4.00%,66.00%,+62.00 pp,"+1,550%",,,,,13.36 million,36.30 million,+22.94 million,+172%
Africa,5.00%,73.00%,+68.00 pp,"+1,360%",,,,,476.39 million,1.24 billion,+767.84 million,+161%
Albania,94.00%,99.00%,+5.00 pp,+5%,"$3,375.40","$11,941.20","$+8,565.79",+254%,2.68 million,2.88 million,"+201,000.00",+7%
Algeria,1985 69.00%,91.00%,+22.00 pp,+32%,"$10,503.76","$12,323.58","$+1,819.82",+17%,19.22 million,41.39 million,+22.17 million,+115%
American Samoa,,,,,,,,,33000.00,56000.00,"+23,000.00",+70%
Americas,50.00%,88.00%,+38.00 pp,+76%,,,,,,,,
Andorra,1997 90.00%,99.00%,+9.00 pp,+10%,,,,,36000.00,77000.00,"+41,000.00",+114%
Angola,1983 6.00%,56.00%,+50.00 pp,+833%,"$2,837.16","$4,993.85","$+2,156.68",+76%,8.34 million,29.82 million,+21.48 million,+257%
Anguilla,,,,,"$11,706.45","$13,876.88","$+2,170.43",+19%,7000.00,15000.00,"+8,000.00",+114%
Antigua and Barbuda,54.00%,95.00%,+41.00 pp,+76%,"$5,707.03","$7,879.68","$+2,172.64",+38%,62000.00,95000.00,"+33,000.00",+53%
Argentina,44.00%,86.00%,+42.00 pp,+95%,"$3,978.31","$16,466.73","$+12,488.42",+314%,27.90 million,43.94 million,+16.04 million,+57%
Armenia,1992 85.00%,94.00%,+9.00 pp,+11%,"1990 $6,229.28","$10,182.28","$+3,953.00",+63%,3.10 million,2.94 million,-155000.00,-5%
Aruba,,,,,"$16,975.48","$29,871.13","$+12,895.66",+76%,60000.00,105000.00,"+45,000.00",+75%
Asia,,,,,,,,,2.65 billion,4.52 billion,+1.87 billion,+71%
Australia,33.00%,95.00%,+62.00 pp,+188%,"$22,172.07","$47,392.62","$+25,220.55",+114%,14.59 million,24.59 million,+10.00 million,+69%
Austria,90.00%,90.00%,+0.00 pp,+0%,"$17,684.91","$46,103.27","$+28,418.36",+161%,7.61 million,8.82 million,+1.21 million,+16%
Azerbaijan,1992 58.00%,95.00%,+37.00 pp,+64%,"1990 $9,083.58","$14,504.94","$+5,421.36",+60%,6.15 million,9.85 million,+3.69 million,+60%
Bahamas,36.00%,94.00%,+58.00 pp,+161%,"$23,412.77","$22,026.31","$-1,386.46",-6%,211000.00,382000.00,"+171,000.00",+81%
Bahrain,72.00%,97.00%,+25.00 pp,+35%,"$23,921.50","$37,616.39","$+13,694.89",+57%,360000.00,1.49 million,+1.13 million,+315%
Bangladesh,1981 1.00%,98.00%,+97.00 pp,"+9,700%","$1,206.92","$3,436.05","$+2,229.13",+185%,79.64 million,159.68 million,+80.05 million,+101%
Barbados,60.00%,90.00%,+30.00 pp,+50%,"$11,542.78","$9,272.58","$-2,270.21",-20%,252000.00,286000.00,"+34,000.00",+13%
Belarus,1992 90.00%,97.00%,+7.00 pp,+8%,"1990 $12,783.59","$16,843.69","$+4,060.10",+32%,9.57 million,9.45 million,-120000.00,-1%
Belgium,95.00%,98.00%,+3.00 pp,+3%,"$20,385.58","$38,340.89","$+17,955.31",+88%,9.87 million,11.42 million,+1.55 million,+16%
Belize,47.00%,88.00%,+41.00 pp,+87%,"$4,179.17","$6,777.00","$+2,597.83",+62%,144000.00,376000.00,"+232,000.00",+161%
Benin,1985 17.00%,76.00%,+59.00 pp,+347%,"$2,019.88","$2,113.94",$+94.06,+5%,3.72 million,11.18 million,+7.46 million,+201%
Bermuda,,,,,"$456,902.81","$36,434.19","$-420,468.62",-92%,58000.00,63000.00,"+5,000.00",+9%
Bhutan,6.00%,98.00%,+92.00 pp,"+1,533%","$1,861.24","$8,397.10","$+6,535.86",+351%,407000.00,746000.00,"+339,000.00",+83%
Bolivia,,,,,"$2,233.43","$5,838.07","$+3,604.64",+161%,5.58 million,11.19 million,+5.61 million,+101%
Bolivia (Plurinational State of),11.00%,84.00%,+73.00 pp,+664%,,,,,,,,
Bonaire Sint Eustatius and Saba,,,,,,,,,11000.00,25000.00,"+14,000.00",+127%
Bosnia and Herzegovina,1992 58.00%,75.00%,+17.00 pp,+29%,1990 $819.30,"$11,572.85","$+10,753.55","+1,313%",4.18 million,3.35 million,-828000.00,-20%
Botswana,71.00%,95.00%,+24.00 pp,+34%,"$2,043.68","$14,997.14","$+12,953.47",+634%,898000.00,2.21 million,+1.31 million,+146%
Brazil,37.00%,89.00%,+52.00 pp,+141%,"$5,331.97","$13,812.99","$+8,481.02",+159%,120.69 million,207.83 million,+87.14 million,+72%
British Virgin Islands,,,,,"$7,470.22","$20,312.86","$+12,842.64",+172%,11000.00,30000.00,"+19,000.00",+173%
Brunei,89.00%,99.00%,+10.00 pp,+11%,"$87,102.80","$51,703.05","$-35,399.75",-41%,194000.00,424000.00,"+230,000.00",+119%
Bulgaria,98.00%,92.00%,-6.00 pp,-6%,"$6,755.15","$18,639.94","$+11,884.80",+176%,8.88 million,7.10 million,-1.78 million,-20%
Burkina Faso,1985 9.00%,91.00%,+82.00 pp,+911%,$981.44,"$1,628.46",$+647.02,+66%,6.82 million,19.19 million,+12.37 million,+181%
Burundi,1981 36.00%,91.00%,+55.00 pp,+153%,$878.72,$799.61,$-79.10,-9%,4.16 million,10.83 million,+6.67 million,+160%
Cambodia,1984 17.00%,93.00%,+76.00 pp,+447%,$826.07,"$3,161.06","$+2,334.98",+283%,6.69 million,16.01 million,+9.31 million,+139%
Cameroon,1981 5.00%,74.00%,+69.00 pp,"+1,380%","$2,186.23","$3,149.26",$+963.03,+44%,8.62 million,24.57 million,+15.95 million,+185%
Canada,1987 85.00%,91.00%,+6.00 pp,+7%,"$24,621.66","$42,906.63","$+18,284.97",+74%,24.42 million,36.73 million,+12.31 million,+50%
Cape Verde,1983 23.00%,96.00%,+73.00 pp,+317%,"$1,606.47","$6,968.64","$+5,362.17",+334%,284000.00,537000.00,"+253,000.00",+89%
Cayman Islands,,,,,"$36,895.61","$29,804.46","$-7,091.15",-19%,16000.00,63000.00,"+47,000.00",+294%
Central African Republic,13.00%,47.00%,+34.00 pp,+262%,$999.08,$727.29,$-271.79,-27%,2.20 million,4.60 million,+2.40 million,+109%
Chad,1983 1.00%,41.00%,+40.00 pp,"+4,000%",$833.54,"$1,307.97",$+474.43,+57%,4.51 million,15.02 million,+10.50 million,+233%
Channel Islands,,,,,,,,,128000.00,169000.00,"+41,000.00",+32%
Chile,93.00%,93.00%,+0.00 pp,+0%,"$6,635.01","$22,728.88","$+16,093.86",+243%,11.42 million,18.47 million,+7.05 million,+62%
China,1983 58.00%,99.00%,+41.00 pp,+71%,"$1,824.62","$13,042.65","$+11,218.03",+615%,1.00 billion,1.42 billion,+420.93 million,+42%
Colombia,16.00%,92.00%,+76.00 pp,+475%,"$6,953.43","$12,796.99","$+5,843.56",+84%,26.90 million,48.91 million,+22.01 million,+82%
Comoros,1984 31.00%,91.00%,+60.00 pp,+194%,"$3,887.33","$2,871.04","$-1,016.29",-26%,308000.00,814000.00,"+506,000.00",+164%
Congo,42.00%,69.00%,+27.00 pp,+64%,"$3,211.68","$3,726.67",$+514.99,+16%,1.78 million,5.11 million,+3.33 million,+187%
Cook Islands,40.00%,99.00%,+59.00 pp,+148%,,,,,18000.00,18000.00,+0.00,+0%
Costa Rica,86.00%,96.00%,+10.00 pp,+12%,"$7,714.34","$15,043.89","$+7,329.55",+95%,2.39 million,4.95 million,+2.56 million,+107%
Cote d'Ivoire,1984 19.00%,83.00%,+64.00 pp,+337%,"$2,374.71","$3,513.75","$+1,139.04",+48%,8.03 million,24.44 million,+16.40 million,+204%
Croatia,1992 83.00%,92.00%,+9.00 pp,+11%,"1990 $12,169.67","$22,995.55","$+10,825.88",+89%,4.60 million,4.18 million,-415000.00,-9%
Cuba,67.00%,99.00%,+32.00 pp,+48%,,,,,9.85 million,11.34 million,+1.49 million,+15%
Curacao,,,,,"2005 $28,143.88","$21,952.87","$-6,191.01",-22%,148000.00,162000.00,"+14,000.00",+9%
Cyprus,34.00%,97.00%,+63.00 pp,+185%,"$13,904.66","$29,228.80","$+15,324.14",+110%,685000.00,1.18 million,"+495,000.00",+72%
Czechia,1993 99.00%,96.00%,-3.00 pp,-3%,"1990 $20,907.19","$31,140.90","$+10,233.71",+49%,10.35 million,10.64 million,"+292,000.00",+3%
Democratic Republic of Congo,1981 18.00%,57.00%,+39.00 pp,+217%,"$2,005.58",$760.47,"$-1,245.11",-62%,26.36 million,81.40 million,+55.04 million,+209%
Denmark,88.00%,98.00%,+10.00 pp,+11%,"$21,181.32","$45,875.33","$+24,694.02",+117%,5.12 million,5.73 million,"+608,000.00",+12%
Djibouti,1982 6.00%,76.00%,+70.00 pp,"+1,167%","$4,052.17","$4,048.02",$-4.14,>-1%,359000.00,944000.00,"+585,000.00",+163%
Dominica,63.00%,91.00%,+28.00 pp,+44%,"$5,379.42","$7,132.07","$+1,752.65",+33%,75000.00,71000.00,-4000.00,-5%
Dominican Republic,36.00%,84.00%,+48.00 pp,+133%,"$3,703.75","$14,780.61","$+11,076.86",+299%,5.80 million,10.51 million,+4.71 million,+81%
Eastern Mediterranean,18.00%,82.00%,+64.00 pp,+356%,,,,,,,,
Ecuador,10.00%,85.00%,+75.00 pp,+750%,"$7,165.66","$9,879.77","$+2,714.11",+38%,7.99 million,16.79 million,+8.80 million,+110%
Egypt,57.00%,94.00%,+37.00 pp,+65%,"$1,345.05","$11,202.35","$+9,857.29",+733%,43.31 million,96.44 million,+53.13 million,+123%
El Salvador,44.00%,85.00%,+41.00 pp,+93%,"$2,559.25","$6,659.80","$+4,100.55",+160%,4.59 million,6.39 million,+1.80 million,+39%
Equatorial Guinea,1985 3.00%,53.00%,+50.00 pp,"+1,667%","$2,379.81","$14,478.68","$+12,098.87",+508%,250000.00,1.26 million,+1.01 million,+405%
Eritrea,1993 32.00%,95.00%,+63.00 pp,+197%,,,,,1.73 million,3.41 million,+1.68 million,+97%
Estonia,1993 71.00%,93.00%,+22.00 pp,+31%,"1990 $10,756.41","$25,939.43","$+15,183.02",+141%,1.47 million,1.32 million,-155000.00,-11%
Eswatini,1981 30.00%,90.00%,+60.00 pp,+200%,"$3,394.75","$7,309.02","$+3,914.27",+115%,588000.00,1.13 million,"+537,000.00",+91%
Ethiopia,1981 3.00%,69.00%,+66.00 pp,"+2,200%",$706.06,"$1,591.49",$+885.43,+125%,35.14 million,106.40 million,+71.26 million,+203%
Europe,63.00%,94.00%,+31.00 pp,+49%,,,,,693.57 million,745.41 million,+51.85 million,+7%
Faeroe Islands,,,,,,,,,43000.00,48000.00,"+5,000.00",+12%
Falkland Islands,,,,,,,,,2000.00,3000.00,"+1,000.00",+50%
Fiji,68.00%,99.00%,+31.00 pp,+46%,"$5,719.09","$7,600.84","$+1,881.75",+33%,635000.00,877000.00,"+242,000.00",+38%
Finland,92.00%,89.00%,-3.00 pp,-3%,"$18,994.68","$39,893.37","$+20,898.69",+110%,4.79 million,5.51 million,"+723,000.00",+15%
France,79.00%,96.00%,+17.00 pp,+22%,"$22,410.24","$39,461.11","$+17,050.86",+76%,53.87 million,64.84 million,+10.97 million,+20%
French Guiana,,,,,,,,,67000.00,275000.00,"+208,000.00",+310%
French Polynesia,,,,,,,,,153000.00,276000.00,"+123,000.00",+80%
Gabon,1983 14.00%,75.00%,+61.00 pp,+436%,"$13,101.57","$11,803.62","$-1,297.96",-10%,726000.00,2.06 million,+1.34 million,+184%
Gambia,63.00%,92.00%,+29.00 pp,+46%,"$2,705.65","$2,644.41",$-61.25,-2%,637000.00,2.21 million,+1.58 million,+248%
Gavi countries,5.00%,80.00%,+75.00 pp,"+1,500%",,,,,,,,
Georgia,1992 58.00%,91.00%,+33.00 pp,+57%,"1990 $10,284.08","$13,077.33","$+2,793.25",+27%,5.02 million,4.01 million,-1.01 million,-20%
Germany,1981 95.00%,93.00%,-2.00 pp,-2%,"$19,533.18","$47,556.00","$+28,022.82",+143%,78.28 million,82.66 million,+4.38 million,+6%
Ghana,7.00%,99.00%,+92.00 pp,"+1,314%","$3,277.82","$4,988.86","$+1,711.04",+52%,11.06 million,29.12 million,+18.07 million,+163%
Gibraltar,,,,,,,,,30000.00,34000.00,"+4,000.00",+13%
Greece,72.00%,99.00%,+27.00 pp,+38%,"$14,259.18","$23,765.19","$+9,506.01",+67%,9.63 million,10.57 million,"+942,000.00",+10%
Greenland,,,,,,,,,50000.00,56000.00,"+6,000.00",+12%
Grenada,25.00%,96.00%,+71.00 pp,+284%,"$3,632.88","$11,668.59","$+8,035.71",+221%,89000.00,111000.00,"+22,000.00",+25%
Guadeloupe,,,,,,,,,337000.00,400000.00,"+63,000.00",+19%
Guam,,,,,,,,,104000.00,164000.00,"+60,000.00",+58%
Guatemala,43.00%,82.00%,+39.00 pp,+91%,"$3,746.18","$7,255.57","$+3,509.38",+94%,7.28 million,16.91 million,+9.63 million,+132%
Guinea,1982 15.00%,47.00%,+32.00 pp,+213%,"$3,325.64","$2,281.50","$-1,044.14",-31%,4.87 million,12.07 million,+7.20 million,+148%
Guinea-Bissau,1983 9.00%,88.00%,+79.00 pp,+878%,"$1,257.05","$1,667.89",$+410.84,+33%,782000.00,1.83 million,+1.05 million,+134%
Guyana,35.00%,97.00%,+62.00 pp,+177%,,,,,780000.00,775000.00,-5000.00,>-1%
Haiti,3.00%,64.00%,+61.00 pp,"+2,033%","$1,761.35","$1,668.65",$-92.70,-5%,5.64 million,10.98 million,+5.34 million,+95%
High income,56.00%,95.00%,+39.00 pp,+70%,,,,,,,,
Honduras,28.00%,89.00%,+61.00 pp,+218%,"$2,753.96","$4,254.99","$+1,501.03",+55%,3.68 million,9.43 million,+5.75 million,+156%
Hong Kong,,,,,"$14,886.53","$40,584.48","$+25,697.94",+173%,4.87 million,7.31 million,+2.44 million,+50%
Hungary,99.00%,99.00%,+0.00 pp,+0%,"$10,201.75","$22,571.65","$+12,369.90",+121%,10.75 million,9.73 million,-1.02 million,-10%
Iceland,99.00%,89.00%,-10.00 pp,-10%,"$25,162.94","$41,306.17","$+16,143.23",+64%,228000.00,334000.00,"+106,000.00",+46%
India,6.00%,89.00%,+83.00 pp,"+1,383%","$1,162.68","$6,421.67","$+5,258.99",+452%,698.95 million,1.34 billion,+639.72 million,+92%
Indonesia,1981 1.00%,85.00%,+84.00 pp,"+8,400%","$2,212.25","$10,594.07","$+8,381.82",+379%,147.45 million,264.65 million,+117.20 million,+79%
Iran,32.00%,99.00%,+67.00 pp,+209%,"$3,143.33","$15,964.64","$+12,821.31",+408%,38.65 million,80.67 million,+42.02 million,+109%
Iraq,14.00%,85.00%,+71.00 pp,+507%,"$6,177.27","$15,300.66","$+9,123.39",+148%,13.65 million,37.55 million,+23.90 million,+175%
Ireland,34.00%,95.00%,+61.00 pp,+179%,"$12,550.06","$75,916.09","$+63,366.03",+505%,3.38 million,4.75 million,+1.37 million,+40%
Isle of Man,,,,,,,,,64000.00,84000.00,"+20,000.00",+31%
Israel,84.00%,98.00%,+14.00 pp,+17%,"$16,553.54","$36,185.71","$+19,632.17",+119%,3.70 million,8.24 million,+4.54 million,+123%
Italy,1990 83.00%,95.00%,+12.00 pp,+14%,"$19,802.15","$37,999.70","$+18,197.55",+92%,56.35 million,60.67 million,+4.33 million,+8%
Jamaica,24.00%,93.00%,+69.00 pp,+288%,"$4,230.16","$6,804.96","$+2,574.79",+61%,2.16 million,2.92 million,"+758,000.00",+35%
Japan,60.00%,99.00%,+39.00 pp,+65%,"$18,980.96","$40,373.75","$+21,392.79",+113%,117.82 million,127.50 million,+9.69 million,+8%
Jordan,30.00%,99.00%,+69.00 pp,+230%,"$4,162.49","$8,996.94","$+4,834.45",+116%,2.38 million,9.79 million,+7.41 million,+312%
Kazakhstan,1992 81.00%,99.00%,+18.00 pp,+22%,"1990 $10,975.98","$21,053.27","$+10,077.29",+92%,14.80 million,18.08 million,+3.28 million,+22%
Kenya,1984 58.00%,82.00%,+24.00 pp,+41%,"$2,050.69","$3,072.03","$+1,021.34",+50%,16.42 million,50.22 million,+33.80 million,+206%
Kiribati,43.00%,90.00%,+47.00 pp,+109%,,,,,59000.00,114000.00,"+55,000.00",+93%
Kuwait,67.00%,99.00%,+32.00 pp,+48%,"$56,833.09","$39,343.88","$-17,489.21",-31%,1.37 million,4.06 million,+2.69 million,+196%
Kyrgyzstan,1992 84.00%,92.00%,+8.00 pp,+10%,"1990 $7,324.69","$10,572.49","$+3,247.80",+44%,3.61 million,6.19 million,+2.58 million,+71%
Laos,1981 7.00%,69.00%,+62.00 pp,+886%,$808.79,"$6,518.45","$+5,709.66",+706%,3.26 million,6.95 million,+3.69 million,+113%
Latin America,,,,,,,,,361.25 million,636.23 million,+274.98 million,+76%
Latvia,1992 87.00%,98.00%,+11.00 pp,+13%,"1990 $14,928.67","$24,139.60","$+9,210.94",+62%,2.52 million,1.95 million,-570000.00,-23%
Lebanon,1981 2.00%,83.00%,+81.00 pp,"+4,050%","$5,709.31","$15,059.00","$+9,349.69",+164%,2.59 million,6.82 million,+4.23 million,+163%
Lesotho,56.00%,87.00%,+31.00 pp,+55%,"$1,973.45","$3,238.55","$+1,265.10",+64%,1.34 million,2.09 million,"+752,000.00",+56%
Liberia,1999 50.00%,84.00%,+34.00 pp,+68%,"$1,845.57",$760.74,"$-1,084.84",-59%,1.85 million,4.70 million,+2.85 million,+154%
Libya,60.00%,96.00%,+36.00 pp,+60%,,,,,3.22 million,6.58 million,+3.36 million,+104%
Liechtenstein,,,,,,,,,26000.00,38000.00,"+12,000.00",+46%
Lithuania,1992 78.00%,94.00%,+16.00 pp,+21%,"1990 $13,019.56","$25,992.14","$+12,972.59",+100%,3.43 million,2.85 million,-586000.00,-17%
Low income,5.00%,73.00%,+68.00 pp,"+1,360%",,,,,,,,
Low income (non-Gavi countries),13.00%,48.00%,+35.00 pp,+269%,,,,,,,,
Luxembourg,1983 75.00%,99.00%,+24.00 pp,+32%,"$23,978.27","$74,605.23","$+50,626.97",+211%,364000.00,592000.00,"+228,000.00",+63%
Macao,,,,,"$13,546.85","$82,995.45","$+69,448.60",+513%,238000.00,623000.00,"+385,000.00",+162%
Madagascar,1982 15.00%,74.00%,+59.00 pp,+393%,"$1,457.14","$1,591.55",$+134.41,+9%,8.72 million,25.57 million,+16.85 million,+193%
Malawi,58.00%,88.00%,+30.00 pp,+52%,"$1,187.08","$1,038.32",$-148.76,-13%,6.25 million,17.67 million,+11.42 million,+183%
Malaysia,67.00%,99.00%,+32.00 pp,+48%,"$6,560.11","$22,775.84","$+16,215.74",+247%,13.80 million,31.11 million,+17.31 million,+125%
Maldives,4.00%,99.00%,+95.00 pp,"+2,375%","$3,409.56","$13,829.85","$+10,420.29",+306%,158000.00,496000.00,"+338,000.00",+214%
Mali,1985 8.00%,77.00%,+69.00 pp,+863%,$651.38,"$2,334.35","$+1,682.96",+258%,7.09 million,18.51 million,+11.42 million,+161%
Malta,1984 50.00%,98.00%,+48.00 pp,+96%,"$9,515.51","$30,831.00","$+21,315.49",+224%,331000.00,438000.00,"+107,000.00",+32%
Marshall Islands,1988 92.00%,80.00%,-12.00 pp,-13%,,,,,31000.00,58000.00,"+27,000.00",+87%
Martinique,,,,,,,,,325000.00,376000.00,"+51,000.00",+16%
Mauritania,1981 18.00%,81.00%,+63.00 pp,+350%,"$2,400.57","$2,988.79",$+588.22,+25%,1.54 million,4.28 million,+2.74 million,+178%
Mauritius,89.00%,94.00%,+5.00 pp,+6%,"$5,923.11","$22,827.00","$+16,903.89",+285%,966000.00,1.26 million,"+298,000.00",+31%
Mayotte,,,,,,,,,55000.00,253000.00,"+198,000.00",+360%
Mexico,44.00%,85.00%,+41.00 pp,+93%,"$12,271.23","$17,382.66","$+5,111.43",+42%,67.76 million,124.78 million,+57.02 million,+84%
Micronesia,1987 57.00%,73.00%,+16.00 pp,+28%,,,,,,,,
Micronesia (country),,,,,,,,,73000.00,111000.00,"+38,000.00",+52%
Middle income,12.00%,87.00%,+75.00 pp,+625%,,,,,,,,
Middle-income (non-Gavi countries),18.00%,93.00%,+75.00 pp,+417%,,,,,,,,
Moldova,1992 84.00%,88.00%,+4.00 pp,+5%,"1990 $4,913.02","$5,988.93","$+1,075.91",+22%,4.01 million,4.06 million,"+49,000.00",+1%
Monaco,1988 99.00%,99.00%,+0.00 pp,+0%,,,,,27000.00,38000.00,"+11,000.00",+41%
Mongolia,76.00%,99.00%,+23.00 pp,+30%,"$1,679.98","$10,716.02","$+9,036.04",+538%,1.69 million,3.11 million,+1.42 million,+84%
Montenegro,2006 90.00%,87.00%,-3.00 pp,-3%,"1990 $10,611.43","$17,888.53","$+7,277.11",+69%,581000.00,628000.00,"+47,000.00",+8%
Montserrat,,,,,"$14,410.49","$16,816.26","$+2,405.77",+17%,12000.00,5000.00,-7000.00,-58%
Morocco,1982 32.00%,99.00%,+67.00 pp,+209%,"$2,651.74","$8,265.65","$+5,613.91",+212%,19.99 million,35.58 million,+15.59 million,+78%
Mozambique,1981 56.00%,88.00%,+32.00 pp,+57%,$619.22,"$1,376.55",$+757.33,+122%,11.63 million,28.65 million,+17.02 million,+146%
Myanmar,4.00%,89.00%,+85.00 pp,"+2,125%",$880.08,"$5,730.11","$+4,850.03",+551%,34.22 million,53.38 million,+19.16 million,+56%
Namibia,1991 69.00%,88.00%,+19.00 pp,+28%,"$5,807.80","$10,301.68","$+4,493.88",+77%,1.06 million,2.40 million,+1.34 million,+127%
Nauru,1984 67.00%,87.00%,+20.00 pp,+30%,,,,,8000.00,11000.00,"+3,000.00",+38%
Nepal,8.00%,90.00%,+82.00 pp,"+1,025%",$744.19,"$2,720.20","$+1,976.01",+266%,15.02 million,27.63 million,+12.62 million,+84%
Netherlands,96.00%,94.00%,-2.00 pp,-2%,"$22,816.48","$46,601.56","$+23,785.08",+104%,14.15 million,17.02 million,+2.87 million,+20%
New Caledonia,,,,,,,,,145000.00,277000.00,"+132,000.00",+91%
New Zealand,76.00%,94.00%,+18.00 pp,+24%,"$16,265.30","$36,537.80","$+20,272.49",+125%,3.15 million,4.70 million,+1.55 million,+49%
Nicaragua,16.00%,98.00%,+82.00 pp,+513%,"$5,021.54","$5,209.72",$+188.19,+4%,3.27 million,6.38 million,+3.12 million,+95%
Niger,1981 6.00%,85.00%,+79.00 pp,"+1,317%","$1,348.11",$908.65,$-439.46,-33%,5.99 million,21.60 million,+15.61 million,+261%
Nigeria,1984 9.00%,55.00%,+46.00 pp,+511%,"$5,597.97","$4,285.06","$-1,312.91",-23%,73.42 million,190.87 million,+117.45 million,+160%
Niue,7.00%,99.00%,+92.00 pp,"+1,314%",,,,,3000.00,2000.00,-1000.00,-33%
North America,,,,,,,,,254.01 million,361.94 million,+107.94 million,+42%
North Korea,50.00%,97.00%,+47.00 pp,+94%,,,,,17.47 million,25.43 million,+7.96 million,+46%
North Macedonia,1993 90.00%,91.00%,+1.00 pp,+1%,"1990 $5,827.00","$13,396.59","$+7,569.59",+130%,1.92 million,2.08 million,"+158,000.00",+8%
Northern Mariana Islands,,,,,,,,,17000.00,57000.00,"+40,000.00",+235%
Norway,1983 90.00%,96.00%,+6.00 pp,+7%,"$24,258.14","$60,590.25","$+36,332.11",+150%,4.09 million,5.30 million,+1.21 million,+30%
Oceania,,,,,,,,,23.21 million,41.01 million,+17.79 million,+77%
Oman,18.00%,99.00%,+81.00 pp,+450%,"$11,522.09","$27,338.38","$+15,816.29",+137%,1.15 million,4.67 million,+3.51 million,+304%
Pakistan,2.00%,75.00%,+73.00 pp,"+3,650%","$2,085.28","$5,303.38","$+3,218.10",+154%,78.05 million,207.91 million,+129.85 million,+166%
Palau,1986 98.00%,97.00%,-1.00 pp,-1%,,,,,12000.00,18000.00,"+6,000.00",+50%
Palestine,,,,,"$2,863.96","$4,425.39","$+1,561.43",+55%,1.51 million,4.75 million,+3.24 million,+214%
Panama,47.00%,81.00%,+34.00 pp,+72%,"$6,218.18","$21,928.21","$+15,710.03",+253%,1.98 million,4.11 million,+2.13 million,+108%
Papua New Guinea,32.00%,36.00%,+4.00 pp,+13%,,,,,3.57 million,8.44 million,+4.87 million,+136%
Paraguay,17.00%,91.00%,+74.00 pp,+435%,"$3,468.81","$8,135.34","$+4,666.53",+135%,3.18 million,6.87 million,+3.69 million,+116%
Peru,16.00%,83.00%,+67.00 pp,+419%,"$3,926.48","$11,370.37","$+7,443.90",+190%,17.55 million,31.44 million,+13.90 million,+79%
Philippines,47.00%,72.00%,+25.00 pp,+53%,"$3,198.88","$7,679.18","$+4,480.29",+140%,47.36 million,105.17 million,+57.81 million,+122%
Poland,96.00%,96.00%,+0.00 pp,+0%,"$6,227.48","$26,636.91","$+20,409.43",+328%,35.54 million,37.95 million,+2.41 million,+7%
Portugal,73.00%,98.00%,+25.00 pp,+34%,"$10,344.17","$24,309.60","$+13,965.43",+135%,9.75 million,10.29 million,"+538,000.00",+6%
Puerto Rico,,,,,,,,,3.09 million,3.16 million,"+73,000.00",+2%
Qatar,61.00%,97.00%,+36.00 pp,+59%,"$79,215.95","$93,792.63","$+14,576.68",+18%,224000.00,2.73 million,+2.50 million,"+1,117%"
Reunion,,,,,,,,,509000.00,876000.00,"+367,000.00",+72%
Romania,1985 95.00%,82.00%,-13.00 pp,-14%,"$6,222.47","$24,348.97","$+18,126.50",+291%,22.62 million,19.65 million,-2.96 million,-13%
Russia,1992 73.00%,97.00%,+24.00 pp,+33%,"1990 $15,261.79","$22,580.94","$+7,319.15",+48%,138.05 million,145.53 million,+7.48 million,+5%
Rwanda,1981 17.00%,98.00%,+81.00 pp,+476%,"$1,187.72","$1,997.62",$+809.90,+68%,5.15 million,11.98 million,+6.83 million,+133%
Saint Barthlemy,,,,,,,,,3000.00,10000.00,"+7,000.00",+233%
Saint Helena,,,,,,,,,7000.00,6000.00,-1000.00,-14%
Saint Kitts and Nevis,56.00%,97.00%,+41.00 pp,+73%,"$7,362.63","$19,235.06","$+11,872.43",+161%,43000.00,52000.00,"+9,000.00",+21%
Saint Lucia,56.00%,80.00%,+24.00 pp,+43%,"$6,635.57","$7,909.06","$+1,273.50",+19%,118000.00,181000.00,"+63,000.00",+53%
Saint Martin (French part),,,,,,,,,9000.00,37000.00,"+28,000.00",+311%
Saint Pierre and Miquelon,,,,,,,,,6000.00,6000.00,+0.00,+0%
Saint Vincent and the Grenadines,26.00%,99.00%,+73.00 pp,+281%,"$4,162.50","$8,145.96","$+3,983.46",+96%,101000.00,110000.00,"+9,000.00",+9%
Samoa,29.00%,74.00%,+45.00 pp,+155%,,,,,156000.00,195000.00,"+39,000.00",+25%
San Marino,1983 99.00%,88.00%,-11.00 pp,-11%,,,,,21000.00,34000.00,"+13,000.00",+62%
Sao Tome and Principe,1981 42.00%,95.00%,+53.00 pp,+126%,"$2,597.56","$3,541.94",$+944.38,+36%,96000.00,207000.00,"+111,000.00",+116%
Saudi Arabia,41.00%,98.00%,+57.00 pp,+139%,"$39,303.84","$38,548.09",$-755.75,-2%,9.69 million,33.10 million,+23.41 million,+242%
Senegal,1986 54.00%,93.00%,+39.00 pp,+72%,"$2,034.44","$3,208.14","$+1,173.71",+58%,5.58 million,15.42 million,+9.84 million,+176%
Serbia,1992 84.00%,95.00%,+11.00 pp,+13%,"1990 $9,344.81","$14,027.71","$+4,682.90",+50%,8.91 million,8.83 million,-78000.00,>-1%
Seychelles,1981 13.00%,97.00%,+84.00 pp,+646%,"$14,727.67","$32,104.81","$+17,377.13",+118%,66000.00,96000.00,"+30,000.00",+45%
Sierra Leone,1999 43.00%,90.00%,+47.00 pp,+109%,"$1,124.30","$1,394.49",$+270.19,+24%,3.39 million,7.49 million,+4.10 million,+121%
Singapore,84.00%,96.00%,+12.00 pp,+14%,"$18,349.87","$67,138.12","$+48,788.25",+266%,2.41 million,5.71 million,+3.30 million,+137%
Sint Maarten (Dutch part),,,,,"2005 $29,399.33","$18,673.80","$-10,725.53",-36%,13000.00,41000.00,"+28,000.00",+215%
Slovakia,1994 99.00%,96.00%,-3.00 pp,-3%,"1990 $16,638.28","$24,923.85","$+8,285.57",+50%,5.00 million,5.45 million,"+451,000.00",+9%
Slovenia,1992 98.00%,94.00%,-4.00 pp,-4%,"1990 $17,033.60","$28,234.73","$+11,201.14",+66%,1.84 million,2.08 million,"+240,000.00",+13%
Solomon Islands,46.00%,83.00%,+37.00 pp,+80%,,,,,231000.00,636000.00,"+405,000.00",+175%
Somalia,1981 2.00%,42.00%,+40.00 pp,"+2,000%",,,,,6.28 million,14.59 million,+8.31 million,+132%
South Africa,1983 74.00%,76.00%,+2.00 pp,+3%,"$8,954.66","$11,741.27","$+2,786.61",+31%,28.56 million,57.01 million,+28.45 million,+100%
South Korea,1981 61.00%,97.00%,+36.00 pp,+59%,"$4,830.75","$36,264.55","$+31,433.80",+651%,38.05 million,51.10 million,+13.05 million,+34%
South Sudan,2011 61.00%,47.00%,-14.00 pp,-23%,,,,,4.50 million,10.91 million,+6.41 million,+142%
South-East Asia,7.00%,90.00%,+83.00 pp,"+1,186%",,,,,,,,
Spain,1984 95.00%,95.00%,+0.00 pp,+0%,"$14,372.50","$35,696.12","$+21,323.62",+148%,37.70 million,46.65 million,+8.95 million,+24%
Sri Lanka,46.00%,99.00%,+53.00 pp,+115%,"$2,343.17","$12,696.96","$+10,353.79",+442%,15.04 million,21.13 million,+6.09 million,+41%
Sudan,1.00%,95.00%,+94.00 pp,"+9,400%","$1,651.68","$4,391.04","$+2,739.36",+166%,14.51 million,40.81 million,+26.31 million,+181%
Suriname,25.00%,67.00%,+42.00 pp,+168%,"$5,772.43","$11,815.04","$+6,042.60",+105%,360000.00,571000.00,"+211,000.00",+59%
Sweden,99.00%,97.00%,-2.00 pp,-2%,"$19,754.13","$43,375.88","$+23,621.75",+120%,8.32 million,9.90 million,+1.59 million,+19%
Switzerland,1986 90.00%,96.00%,+6.00 pp,+7%,"$30,425.78","$64,219.30","$+33,793.52",+111%,6.28 million,8.46 million,+2.17 million,+35%
Syria,13.00%,48.00%,+35.00 pp,+269%,"$2,321.02","$5,615.96","$+3,294.94",+142%,8.93 million,17.10 million,+8.16 million,+91%
Taiwan,,,,,"$9,653.02","$43,211.01","$+33,557.99",+348%,17.91 million,23.68 million,+5.77 million,+32%
Tajikistan,1992 72.00%,96.00%,+24.00 pp,+33%,"1990 $6,432.29","$4,337.99","$-2,094.29",-33%,3.90 million,8.88 million,+4.97 million,+127%
Tanzania,59.00%,90.00%,+31.00 pp,+53%,"$1,812.68","$2,479.45",$+666.77,+37%,18.54 million,54.66 million,+36.12 million,+195%
Thailand,49.00%,99.00%,+50.00 pp,+102%,"$3,324.51","$15,740.31","$+12,415.81",+373%,47.37 million,69.21 million,+21.84 million,+46%
Timor,2002 54.00%,83.00%,+29.00 pp,+54%,,,,,600000.00,1.24 million,"+643,000.00",+107%
Togo,1981 9.00%,83.00%,+74.00 pp,+822%,"$2,203.32","$1,566.15",$-637.17,-29%,2.72 million,7.70 million,+4.98 million,+183%
Tokelau,,,,,,,,,2000.00,1000.00,-1000.00,-50%
Tonga,40.00%,99.00%,+59.00 pp,+148%,,,,,93000.00,102000.00,"+9,000.00",+10%
Trinidad and Tobago,26.00%,89.00%,+63.00 pp,+242%,"$20,246.41","$39,779.81","$+19,533.40",+96%,1.08 million,1.38 million,"+299,000.00",+28%
Tunisia,1983 62.00%,92.00%,+30.00 pp,+48%,"$4,422.70","$11,126.99","$+6,704.29",+152%,6.37 million,11.43 million,+5.06 million,+79%
Turkey,42.00%,96.00%,+54.00 pp,+129%,"$7,683.79","$27,262.67","$+19,578.88",+255%,43.98 million,81.12 million,+37.14 million,+84%
Turkmenistan,1992 84.00%,99.00%,+15.00 pp,+18%,"1990 $10,436.89","$21,989.59","$+11,552.70",+111%,2.88 million,5.76 million,+2.88 million,+100%
Turks and Caicos Islands,,,,,"$66,181.77","$1,330.75","$-64,851.02",-98%,8000.00,37000.00,"+29,000.00",+363%
Tuvalu,36.00%,96.00%,+60.00 pp,+167%,,,,,8000.00,11000.00,"+3,000.00",+38%
Uganda,1981 9.00%,94.00%,+85.00 pp,+944%,$751.43,"$1,802.48","$+1,051.06",+140%,12.44 million,41.17 million,+28.73 million,+231%
Ukraine,1992 88.00%,50.00%,-38.00 pp,-43%,"1990 $10,731.35","$9,511.55","$-1,219.80",-11%,49.97 million,44.49 million,-5.48 million,-11%
United Arab Emirates,11.00%,97.00%,+86.00 pp,+782%,"$253,329.88","$65,500.44","$-187,829.43",-74%,1.02 million,9.49 million,+8.47 million,+830%
United Kingdom,41.00%,94.00%,+53.00 pp,+129%,"$19,839.95","$39,127.88","$+19,287.93",+97%,56.21 million,66.73 million,+10.52 million,+19%
United States,96.00%,95.00%,-1.00 pp,-1%,"$29,154.89","$54,794.76","$+25,639.87",+88%,229.48 million,325.08 million,+95.61 million,+42%
United States Virgin Islands,,,,,,,,,99000.00,105000.00,"+6,000.00",+6%
Uruguay,53.00%,93.00%,+40.00 pp,+75%,"$9,318.26","$19,722.97","$+10,404.70",+112%,2.92 million,3.44 million,"+522,000.00",+18%
Uzbekistan,1992 90.00%,99.00%,+9.00 pp,+10%,"1990 $5,254.02","$9,595.36","$+4,341.34",+83%,15.90 million,31.96 million,+16.06 million,+101%
Vanuatu,1982 22.00%,85.00%,+63.00 pp,+286%,,,,,116000.00,285000.00,"+169,000.00",+146%
Vatican,,,,,,,,,1000.00,1000.00,+0.00,+0%
Venezuela,56.00%,66.00%,+10.00 pp,+18%,"$10,558.31","$7,696.67","$-2,861.63",-27%,15.18 million,29.40 million,+14.22 million,+94%
Vietnam,1983 4.00%,94.00%,+90.00 pp,"+2,250%","$1,033.29","$5,846.18","$+4,812.90",+466%,54.28 million,94.60 million,+40.32 million,+74%
Wallis and Futuna,,,,,,,,,11000.00,12000.00,"+1,000.00",+9%
Western Pacific,8.00%,95.00%,+87.00 pp,"+1,088%",,,,,,,,
Western Sahara,,,,,,,,,151000.00,553000.00,"+402,000.00",+266%
World,20.00%,86.00%,+66.00 pp,+330%,,,,,4.46 billion,7.55 billion,+3.09 billion,+69%
Yemen,1.00%,68.00%,+67.00 pp,"+6,700%",1989 $607.15,"$1,850.24","$+1,243.09",+205%,7.94 million,27.84 million,+19.89 million,+250%
Zambia,1983 49.00%,94.00%,+45.00 pp,+92%,"$1,428.57","$3,699.01","$+2,270.44",+159%,5.85 million,16.85 million,+11.00 million,+188%
Zimbabwe,1981 39.00%,89.00%,+50.00 pp,+128%,"$2,543.61","$1,871.81",$-671.80,-26%,7.41 million,14.24 million,+6.83 million,+92%
